f1_score,accuracy,precision,recall,tn,fp,fn,tp,run,fold,seed,model
0.9480413133634467,0.9487626986194322,0.9615796806344443,0.934878874706955,18478,717,1250,17945,1,1,42,word2vec
